"","meanSIS","meanRain","nEvents","windowstart","windowend","hours","variable","value","measure"
"1",123.083386613225,1.28571428571429,1334,1997-05-29,1997-08-27,278,"Emma",229,"stren"
"2",253.786315655469,1.76043956043956,1769,1997-08-27,1997-11-25,406,"Emma",120,"stren"
"3",280.90089787264,1.11428571428571,1521,1997-11-25,1998-02-23,259.5,"Emma",97,"stren"
"4",155.275202807579,2.61758241758242,880,1998-02-23,1998-05-24,147.5,"Emma",217,"stren"
"5",128.256327465637,1.29450549450549,777,1998-05-24,1998-08-22,174.683333333333,"Emma",223,"stren"
"6",240.136666684914,1.15604395604396,1142,1998-08-22,1998-11-20,394.983333333333,"Emma",269,"stren"
"7",153.877877952195,1.03516483516484,351,1999-02-18,1999-05-19,184.316666666667,"Emma",38,"stren"
"8",229.431272104618,1.17362637362637,275,1999-08-17,1999-11-15,101.166666666667,"Emma",34,"stren"
"9",115.423959062294,0.879120879120879,277,2000-05-13,2000-08-11,57.7833333333333,"Emma",23,"stren"
"10",116.188203461321,0.492307692307692,930,2001-05-08,2001-08-06,304.733333333333,"Emma",200,"stren"
"11",194.647092702859,1.36703296703297,1006,2001-08-06,2001-11-04,360.816666666667,"Emma",233,"stren"
"12",281.952382471119,1.10549450549451,384,2001-11-04,2002-02-02,161.666666666667,"Emma",65,"stren"
"13",195.672306732752,0.630769230769231,463,2002-02-02,2002-05-03,259.3,"Emma",55,"stren"
"14",221.762815127641,1.05714285714286,519,2002-08-01,2002-10-30,86.55,"Emma",55,"stren"
"15",194.889315364791,1.75824175824176,780,2003-01-28,2003-04-28,196.616666666667,"Emma",129,"stren"
"16",114.000779670787,1.49450549450549,1771,2003-04-28,2003-07-27,284.35,"Emma",272,"stren"
"17",199.659365200692,1.05274725274725,713,2003-07-27,2003-10-25,172.4,"Emma",67,"stren"
"18",285.345857569609,0.703296703296703,684,2003-10-25,2004-01-23,170.95,"Emma",71,"stren"
"19",196.49287659664,1.65934065934066,1549,2004-01-23,2004-04-22,327.8,"Emma",169,"stren"
"20",117.464646961206,0.70989010989011,2018,2004-04-22,2004-07-21,405.333333333333,"Emma",191,"stren"
"21",288.554791884825,1.61538461538462,1271,2004-10-19,2005-01-17,283.25,"Emma",169,"stren"
"22",190.992201581347,0.775824175824176,345,2005-07-16,2005-10-14,121.866666666667,"Emma",18,"stren"
"23",301.689234566828,0.602197802197802,480,2005-10-14,2006-01-12,174.383333333333,"Emma",26,"stren"
"24",215.151421241374,0.298901098901099,540,2006-01-12,2006-04-12,251.783333333333,"Emma",49,"stren"
"26",123.083386613225,1.28571428571429,1334,1997-05-29,1997-08-27,278,"Gill",417,"stren"
"27",253.786315655469,1.76043956043956,1769,1997-08-27,1997-11-25,406,"Gill",393,"stren"
"28",280.90089787264,1.11428571428571,1521,1997-11-25,1998-02-23,259.5,"Gill",287,"stren"
"29",155.275202807579,2.61758241758242,880,1998-02-23,1998-05-24,147.5,"Gill",152,"stren"
"30",128.256327465637,1.29450549450549,777,1998-05-24,1998-08-22,174.683333333333,"Gill",108,"stren"
"31",240.136666684914,1.15604395604396,1142,1998-08-22,1998-11-20,394.983333333333,"Gill",143,"stren"
"32",153.877877952195,1.03516483516484,351,1999-02-18,1999-05-19,184.316666666667,"Gill",55,"stren"
"33",229.431272104618,1.17362637362637,275,1999-08-17,1999-11-15,101.166666666667,"Gill",48,"stren"
"34",115.423959062294,0.879120879120879,277,2000-05-13,2000-08-11,57.7833333333333,"Gill",49,"stren"
"35",116.188203461321,0.492307692307692,930,2001-05-08,2001-08-06,304.733333333333,"Gill",123,"stren"
"36",194.647092702859,1.36703296703297,1006,2001-08-06,2001-11-04,360.816666666667,"Gill",54,"stren"
"37",281.952382471119,1.10549450549451,384,2001-11-04,2002-02-02,161.666666666667,"Gill",5,"stren"
"51",123.083386613225,1.28571428571429,1334,1997-05-29,1997-08-27,278,"Alice",177,"stren"
"52",253.786315655469,1.76043956043956,1769,1997-08-27,1997-11-25,406,"Alice",211,"stren"
"53",280.90089787264,1.11428571428571,1521,1997-11-25,1998-02-23,259.5,"Alice",185,"stren"
"54",155.275202807579,2.61758241758242,880,1998-02-23,1998-05-24,147.5,"Alice",226,"stren"
"55",128.256327465637,1.29450549450549,777,1998-05-24,1998-08-22,174.683333333333,"Alice",236,"stren"
"56",240.136666684914,1.15604395604396,1142,1998-08-22,1998-11-20,394.983333333333,"Alice",320,"stren"
"57",153.877877952195,1.03516483516484,351,1999-02-18,1999-05-19,184.316666666667,"Alice",76,"stren"
"58",229.431272104618,1.17362637362637,275,1999-08-17,1999-11-15,101.166666666667,"Alice",27,"stren"
"59",115.423959062294,0.879120879120879,277,2000-05-13,2000-08-11,57.7833333333333,"Alice",49,"stren"
"60",116.188203461321,0.492307692307692,930,2001-05-08,2001-08-06,304.733333333333,"Alice",166,"stren"
"61",194.647092702859,1.36703296703297,1006,2001-08-06,2001-11-04,360.816666666667,"Alice",200,"stren"
"62",281.952382471119,1.10549450549451,384,2001-11-04,2002-02-02,161.666666666667,"Alice",107,"stren"
"63",195.672306732752,0.630769230769231,463,2002-02-02,2002-05-03,259.3,"Alice",116,"stren"
"64",221.762815127641,1.05714285714286,519,2002-08-01,2002-10-30,86.55,"Alice",107,"stren"
"65",194.889315364791,1.75824175824176,780,2003-01-28,2003-04-28,196.616666666667,"Alice",201,"stren"
"66",114.000779670787,1.49450549450549,1771,2003-04-28,2003-07-27,284.35,"Alice",424,"stren"
"67",199.659365200692,1.05274725274725,713,2003-07-27,2003-10-25,172.4,"Alice",127,"stren"
"68",285.345857569609,0.703296703296703,684,2003-10-25,2004-01-23,170.95,"Alice",95,"stren"
"69",196.49287659664,1.65934065934066,1549,2004-01-23,2004-04-22,327.8,"Alice",222,"stren"
"70",117.464646961206,0.70989010989011,2018,2004-04-22,2004-07-21,405.333333333333,"Alice",323,"stren"
"71",288.554791884825,1.61538461538462,1271,2004-10-19,2005-01-17,283.25,"Alice",307,"stren"
"72",190.992201581347,0.775824175824176,345,2005-07-16,2005-10-14,121.866666666667,"Alice",23,"stren"
"73",301.689234566828,0.602197802197802,480,2005-10-14,2006-01-12,174.383333333333,"Alice",37,"stren"
"74",215.151421241374,0.298901098901099,540,2006-01-12,2006-04-12,251.783333333333,"Alice",59,"stren"
"75",171.824312852352,2.32747252747253,573,2006-07-11,2006-10-09,172.066666666667,"Alice",76,"stren"
"76",123.083386613225,1.28571428571429,1334,1997-05-29,1997-08-27,278,"Denise",111,"stren"
"77",253.786315655469,1.76043956043956,1769,1997-08-27,1997-11-25,406,"Denise",296,"stren"
"78",280.90089787264,1.11428571428571,1521,1997-11-25,1998-02-23,259.5,"Denise",295,"stren"
"79",155.275202807579,2.61758241758242,880,1998-02-23,1998-05-24,147.5,"Denise",170,"stren"
"80",128.256327465637,1.29450549450549,777,1998-05-24,1998-08-22,174.683333333333,"Denise",147,"stren"
"81",240.136666684914,1.15604395604396,1142,1998-08-22,1998-11-20,394.983333333333,"Denise",207,"stren"
"82",153.877877952195,1.03516483516484,351,1999-02-18,1999-05-19,184.316666666667,"Denise",69,"stren"
"83",229.431272104618,1.17362637362637,275,1999-08-17,1999-11-15,101.166666666667,"Denise",28,"stren"
"84",115.423959062294,0.879120879120879,277,2000-05-13,2000-08-11,57.7833333333333,"Denise",58,"stren"
"85",116.188203461321,0.492307692307692,930,2001-05-08,2001-08-06,304.733333333333,"Denise",113,"stren"
"86",194.647092702859,1.36703296703297,1006,2001-08-06,2001-11-04,360.816666666667,"Denise",129,"stren"
"87",281.952382471119,1.10549450549451,384,2001-11-04,2002-02-02,161.666666666667,"Denise",57,"stren"
"88",195.672306732752,0.630769230769231,463,2002-02-02,2002-05-03,259.3,"Denise",46,"stren"
"89",221.762815127641,1.05714285714286,519,2002-08-01,2002-10-30,86.55,"Denise",75,"stren"
"90",194.889315364791,1.75824175824176,780,2003-01-28,2003-04-28,196.616666666667,"Denise",9,"stren"
"91",114.000779670787,1.49450549450549,1771,2003-04-28,2003-07-27,284.35,"Denise",37,"stren"
"92",199.659365200692,1.05274725274725,713,2003-07-27,2003-10-25,172.4,"Denise",55,"stren"
"93",285.345857569609,0.703296703296703,684,2003-10-25,2004-01-23,170.95,"Denise",75,"stren"
"94",196.49287659664,1.65934065934066,1549,2004-01-23,2004-04-22,327.8,"Denise",101,"stren"
"95",117.464646961206,0.70989010989011,2018,2004-04-22,2004-07-21,405.333333333333,"Denise",200,"stren"
"96",288.554791884825,1.61538461538462,1271,2004-10-19,2005-01-17,283.25,"Denise",190,"stren"
"97",190.992201581347,0.775824175824176,345,2005-07-16,2005-10-14,121.866666666667,"Denise",19,"stren"
"98",301.689234566828,0.602197802197802,480,2005-10-14,2006-01-12,174.383333333333,"Denise",16,"stren"
"101",123.083386613225,1.28571428571429,1334,1997-05-29,1997-08-27,278,"Sarah",288,"stren"
"102",253.786315655469,1.76043956043956,1769,1997-08-27,1997-11-25,406,"Sarah",297,"stren"
"103",280.90089787264,1.11428571428571,1521,1997-11-25,1998-02-23,259.5,"Sarah",372,"stren"
"104",155.275202807579,2.61758241758242,880,1998-02-23,1998-05-24,147.5,"Sarah",201,"stren"
"105",128.256327465637,1.29450549450549,777,1998-05-24,1998-08-22,174.683333333333,"Sarah",214,"stren"
"106",240.136666684914,1.15604395604396,1142,1998-08-22,1998-11-20,394.983333333333,"Sarah",242,"stren"
"107",153.877877952195,1.03516483516484,351,1999-02-18,1999-05-19,184.316666666667,"Sarah",78,"stren"
"108",229.431272104618,1.17362637362637,275,1999-08-17,1999-11-15,101.166666666667,"Sarah",68,"stren"
"109",115.423959062294,0.879120879120879,277,2000-05-13,2000-08-11,57.7833333333333,"Sarah",41,"stren"
"110",116.188203461321,0.492307692307692,930,2001-05-08,2001-08-06,304.733333333333,"Sarah",221,"stren"
"111",194.647092702859,1.36703296703297,1006,2001-08-06,2001-11-04,360.816666666667,"Sarah",230,"stren"
"112",281.952382471119,1.10549450549451,384,2001-11-04,2002-02-02,161.666666666667,"Sarah",77,"stren"
"113",195.672306732752,0.630769230769231,463,2002-02-02,2002-05-03,259.3,"Sarah",117,"stren"
"114",221.762815127641,1.05714285714286,519,2002-08-01,2002-10-30,86.55,"Sarah",155,"stren"
"115",194.889315364791,1.75824175824176,780,2003-01-28,2003-04-28,196.616666666667,"Sarah",275,"stren"
"116",114.000779670787,1.49450549450549,1771,2003-04-28,2003-07-27,284.35,"Sarah",466,"stren"
"117",199.659365200692,1.05274725274725,713,2003-07-27,2003-10-25,172.4,"Sarah",168,"stren"
"118",285.345857569609,0.703296703296703,684,2003-10-25,2004-01-23,170.95,"Sarah",165,"stren"
"119",196.49287659664,1.65934065934066,1549,2004-01-23,2004-04-22,327.8,"Sarah",342,"stren"
"120",117.464646961206,0.70989010989011,2018,2004-04-22,2004-07-21,405.333333333333,"Sarah",431,"stren"
"121",288.554791884825,1.61538461538462,1271,2004-10-19,2005-01-17,283.25,"Sarah",278,"stren"
"122",190.992201581347,0.775824175824176,345,2005-07-16,2005-10-14,121.866666666667,"Sarah",60,"stren"
"123",301.689234566828,0.602197802197802,480,2005-10-14,2006-01-12,174.383333333333,"Sarah",69,"stren"
"124",215.151421241374,0.298901098901099,540,2006-01-12,2006-04-12,251.783333333333,"Sarah",113,"stren"
"125",171.824312852352,2.32747252747253,573,2006-07-11,2006-10-09,172.066666666667,"Sarah",102,"stren"
"131",240.136666684914,1.15604395604396,1142,1998-08-22,1998-11-20,394.983333333333,"Famke",53,"stren"
"132",153.877877952195,1.03516483516484,351,1999-02-18,1999-05-19,184.316666666667,"Famke",94,"stren"
"133",229.431272104618,1.17362637362637,275,1999-08-17,1999-11-15,101.166666666667,"Famke",47,"stren"
"134",115.423959062294,0.879120879120879,277,2000-05-13,2000-08-11,57.7833333333333,"Famke",10,"stren"
"155",128.256327465637,1.29450549450549,777,1998-05-24,1998-08-22,174.683333333333,"Tess",20,"stren"
"156",240.136666684914,1.15604395604396,1142,1998-08-22,1998-11-20,394.983333333333,"Tess",76,"stren"
"157",153.877877952195,1.03516483516484,351,1999-02-18,1999-05-19,184.316666666667,"Tess",36,"stren"
"158",229.431272104618,1.17362637362637,275,1999-08-17,1999-11-15,101.166666666667,"Tess",33,"stren"
"159",115.423959062294,0.879120879120879,277,2000-05-13,2000-08-11,57.7833333333333,"Tess",52,"stren"
"160",116.188203461321,0.492307692307692,930,2001-05-08,2001-08-06,304.733333333333,"Tess",126,"stren"
"161",194.647092702859,1.36703296703297,1006,2001-08-06,2001-11-04,360.816666666667,"Tess",180,"stren"
"162",281.952382471119,1.10549450549451,384,2001-11-04,2002-02-02,161.666666666667,"Tess",53,"stren"
"163",195.672306732752,0.630769230769231,463,2002-02-02,2002-05-03,259.3,"Tess",63,"stren"
"176",123.083386613225,1.28571428571429,1334,1997-05-29,1997-08-27,278,"Alison",209,"stren"
"177",253.786315655469,1.76043956043956,1769,1997-08-27,1997-11-25,406,"Alison",373,"stren"
"178",280.90089787264,1.11428571428571,1521,1997-11-25,1998-02-23,259.5,"Alison",276,"stren"
"179",155.275202807579,2.61758241758242,880,1998-02-23,1998-05-24,147.5,"Alison",125,"stren"
"180",128.256327465637,1.29450549450549,777,1998-05-24,1998-08-22,174.683333333333,"Alison",279,"stren"
"181",240.136666684914,1.15604395604396,1142,1998-08-22,1998-11-20,394.983333333333,"Alison",384,"stren"
"182",153.877877952195,1.03516483516484,351,1999-02-18,1999-05-19,184.316666666667,"Alison",73,"stren"
"183",229.431272104618,1.17362637362637,275,1999-08-17,1999-11-15,101.166666666667,"Alison",36,"stren"
"184",115.423959062294,0.879120879120879,277,2000-05-13,2000-08-11,57.7833333333333,"Alison",71,"stren"
"185",116.188203461321,0.492307692307692,930,2001-05-08,2001-08-06,304.733333333333,"Alison",175,"stren"
"186",194.647092702859,1.36703296703297,1006,2001-08-06,2001-11-04,360.816666666667,"Alison",261,"stren"
"187",281.952382471119,1.10549450549451,384,2001-11-04,2002-02-02,161.666666666667,"Alison",120,"stren"
"188",195.672306732752,0.630769230769231,463,2002-02-02,2002-05-03,259.3,"Alison",138,"stren"
"189",221.762815127641,1.05714285714286,519,2002-08-01,2002-10-30,86.55,"Alison",162,"stren"
"190",194.889315364791,1.75824175824176,780,2003-01-28,2003-04-28,196.616666666667,"Alison",240,"stren"
"191",114.000779670787,1.49450549450549,1771,2003-04-28,2003-07-27,284.35,"Alison",474,"stren"
"192",199.659365200692,1.05274725274725,713,2003-07-27,2003-10-25,172.4,"Alison",168,"stren"
"193",285.345857569609,0.703296703296703,684,2003-10-25,2004-01-23,170.95,"Alison",182,"stren"
"194",196.49287659664,1.65934065934066,1549,2004-01-23,2004-04-22,327.8,"Alison",391,"stren"
"195",117.464646961206,0.70989010989011,2018,2004-04-22,2004-07-21,405.333333333333,"Alison",428,"stren"
"196",288.554791884825,1.61538461538462,1271,2004-10-19,2005-01-17,283.25,"Alison",174,"stren"
"197",190.992201581347,0.775824175824176,345,2005-07-16,2005-10-14,121.866666666667,"Alison",51,"stren"
"198",301.689234566828,0.602197802197802,480,2005-10-14,2006-01-12,174.383333333333,"Alison",75,"stren"
"199",215.151421241374,0.298901098901099,540,2006-01-12,2006-04-12,251.783333333333,"Alison",89,"stren"
"200",171.824312852352,2.32747252747253,573,2006-07-11,2006-10-09,172.066666666667,"Alison",103,"stren"
"209",115.423959062294,0.879120879120879,277,2000-05-13,2000-08-11,57.7833333333333,"Lynn",28,"stren"
"210",116.188203461321,0.492307692307692,930,2001-05-08,2001-08-06,304.733333333333,"Lynn",189,"stren"
"211",194.647092702859,1.36703296703297,1006,2001-08-06,2001-11-04,360.816666666667,"Lynn",214,"stren"
"212",281.952382471119,1.10549450549451,384,2001-11-04,2002-02-02,161.666666666667,"Lynn",88,"stren"
"213",195.672306732752,0.630769230769231,463,2002-02-02,2002-05-03,259.3,"Lynn",127,"stren"
"214",221.762815127641,1.05714285714286,519,2002-08-01,2002-10-30,86.55,"Lynn",152,"stren"
"215",194.889315364791,1.75824175824176,780,2003-01-28,2003-04-28,196.616666666667,"Lynn",171,"stren"
"216",114.000779670787,1.49450549450549,1771,2003-04-28,2003-07-27,284.35,"Lynn",448,"stren"
"217",199.659365200692,1.05274725274725,713,2003-07-27,2003-10-25,172.4,"Lynn",139,"stren"
"218",285.345857569609,0.703296703296703,684,2003-10-25,2004-01-23,170.95,"Lynn",151,"stren"
"219",196.49287659664,1.65934065934066,1549,2004-01-23,2004-04-22,327.8,"Lynn",241,"stren"
"220",117.464646961206,0.70989010989011,2018,2004-04-22,2004-07-21,405.333333333333,"Lynn",365,"stren"
"221",288.554791884825,1.61538461538462,1271,2004-10-19,2005-01-17,283.25,"Lynn",202,"stren"
"222",190.992201581347,0.775824175824176,345,2005-07-16,2005-10-14,121.866666666667,"Lynn",44,"stren"
"223",301.689234566828,0.602197802197802,480,2005-10-14,2006-01-12,174.383333333333,"Lynn",39,"stren"
"224",215.151421241374,0.298901098901099,540,2006-01-12,2006-04-12,251.783333333333,"Lynn",63,"stren"
"225",171.824312852352,2.32747252747253,573,2006-07-11,2006-10-09,172.066666666667,"Lynn",74,"stren"
"233",229.431272104618,1.17362637362637,275,1999-08-17,1999-11-15,101.166666666667,"Bridget",18,"stren"
"234",115.423959062294,0.879120879120879,277,2000-05-13,2000-08-11,57.7833333333333,"Bridget",19,"stren"
"235",116.188203461321,0.492307692307692,930,2001-05-08,2001-08-06,304.733333333333,"Bridget",195,"stren"
"236",194.647092702859,1.36703296703297,1006,2001-08-06,2001-11-04,360.816666666667,"Bridget",232,"stren"
"237",281.952382471119,1.10549450549451,384,2001-11-04,2002-02-02,161.666666666667,"Bridget",74,"stren"
"238",195.672306732752,0.630769230769231,463,2002-02-02,2002-05-03,259.3,"Bridget",133,"stren"
"251",123.083386613225,1.28571428571429,1334,1997-05-29,1997-08-27,278,"Belinda",171,"stren"
"252",253.786315655469,1.76043956043956,1769,1997-08-27,1997-11-25,406,"Belinda",267,"stren"
"253",280.90089787264,1.11428571428571,1521,1997-11-25,1998-02-23,259.5,"Belinda",237,"stren"
"254",155.275202807579,2.61758241758242,880,1998-02-23,1998-05-24,147.5,"Belinda",113,"stren"
"255",128.256327465637,1.29450549450549,777,1998-05-24,1998-08-22,174.683333333333,"Belinda",63,"stren"
"256",240.136666684914,1.15604395604396,1142,1998-08-22,1998-11-20,394.983333333333,"Belinda",139,"stren"
"257",153.877877952195,1.03516483516484,351,1999-02-18,1999-05-19,184.316666666667,"Belinda",57,"stren"
"258",229.431272104618,1.17362637362637,275,1999-08-17,1999-11-15,101.166666666667,"Belinda",87,"stren"
"259",115.423959062294,0.879120879120879,277,2000-05-13,2000-08-11,57.7833333333333,"Belinda",38,"stren"
"260",116.188203461321,0.492307692307692,930,2001-05-08,2001-08-06,304.733333333333,"Belinda",187,"stren"
"261",194.647092702859,1.36703296703297,1006,2001-08-06,2001-11-04,360.816666666667,"Belinda",250,"stren"
"262",281.952382471119,1.10549450549451,384,2001-11-04,2002-02-02,161.666666666667,"Belinda",117,"stren"
"263",195.672306732752,0.630769230769231,463,2002-02-02,2002-05-03,259.3,"Belinda",123,"stren"
"284",115.423959062294,0.879120879120879,277,2000-05-13,2000-08-11,57.7833333333333,"Queenie",8,"stren"
"285",116.188203461321,0.492307692307692,930,2001-05-08,2001-08-06,304.733333333333,"Queenie",160,"stren"
"286",194.647092702859,1.36703296703297,1006,2001-08-06,2001-11-04,360.816666666667,"Queenie",28,"stren"
"287",281.952382471119,1.10549450549451,384,2001-11-04,2002-02-02,161.666666666667,"Queenie",3,"stren"
"314",221.762815127641,1.05714285714286,519,2002-08-01,2002-10-30,86.55,"Olga",1,"stren"
"315",194.889315364791,1.75824175824176,780,2003-01-28,2003-04-28,196.616666666667,"Olga",146,"stren"
"316",114.000779670787,1.49450549450549,1771,2003-04-28,2003-07-27,284.35,"Olga",487,"stren"
"317",199.659365200692,1.05274725274725,713,2003-07-27,2003-10-25,172.4,"Olga",162,"stren"
"318",285.345857569609,0.703296703296703,684,2003-10-25,2004-01-23,170.95,"Olga",173,"stren"
"319",196.49287659664,1.65934065934066,1549,2004-01-23,2004-04-22,327.8,"Olga",372,"stren"
"320",117.464646961206,0.70989010989011,2018,2004-04-22,2004-07-21,405.333333333333,"Olga",459,"stren"
"321",288.554791884825,1.61538461538462,1271,2004-10-19,2005-01-17,283.25,"Olga",300,"stren"
"322",190.992201581347,0.775824175824176,345,2005-07-16,2005-10-14,121.866666666667,"Olga",48,"stren"
"323",301.689234566828,0.602197802197802,480,2005-10-14,2006-01-12,174.383333333333,"Olga",97,"stren"
"324",215.151421241374,0.298901098901099,540,2006-01-12,2006-04-12,251.783333333333,"Olga",99,"stren"
"325",171.824312852352,2.32747252747253,573,2006-07-11,2006-10-09,172.066666666667,"Olga",99,"stren"
"337",281.952382471119,1.10549450549451,384,2001-11-04,2002-02-02,161.666666666667,"Christina",1,"stren"
"340",194.889315364791,1.75824175824176,780,2003-01-28,2003-04-28,196.616666666667,"Christina",266,"stren"
"341",114.000779670787,1.49450549450549,1771,2003-04-28,2003-07-27,284.35,"Christina",554,"stren"
"342",199.659365200692,1.05274725274725,713,2003-07-27,2003-10-25,172.4,"Christina",223,"stren"
"343",285.345857569609,0.703296703296703,684,2003-10-25,2004-01-23,170.95,"Christina",178,"stren"
"344",196.49287659664,1.65934065934066,1549,2004-01-23,2004-04-22,327.8,"Christina",412,"stren"
"345",117.464646961206,0.70989010989011,2018,2004-04-22,2004-07-21,405.333333333333,"Christina",449,"stren"
"346",288.554791884825,1.61538461538462,1271,2004-10-19,2005-01-17,283.25,"Christina",303,"stren"
"347",190.992201581347,0.775824175824176,345,2005-07-16,2005-10-14,121.866666666667,"Christina",102,"stren"
"348",301.689234566828,0.602197802197802,480,2005-10-14,2006-01-12,174.383333333333,"Christina",116,"stren"
"349",215.151421241374,0.298901098901099,540,2006-01-12,2006-04-12,251.783333333333,"Christina",149,"stren"
"350",171.824312852352,2.32747252747253,573,2006-07-11,2006-10-09,172.066666666667,"Christina",122,"stren"
"361",194.647092702859,1.36703296703297,1006,2001-08-06,2001-11-04,360.816666666667,"Jane",1,"stren"
"364",221.762815127641,1.05714285714286,519,2002-08-01,2002-10-30,86.55,"Jane",127,"stren"
"365",194.889315364791,1.75824175824176,780,2003-01-28,2003-04-28,196.616666666667,"Jane",123,"stren"
"366",114.000779670787,1.49450549450549,1771,2003-04-28,2003-07-27,284.35,"Jane",380,"stren"
"367",199.659365200692,1.05274725274725,713,2003-07-27,2003-10-25,172.4,"Jane",126,"stren"
"368",285.345857569609,0.703296703296703,684,2003-10-25,2004-01-23,170.95,"Jane",86,"stren"
"369",196.49287659664,1.65934065934066,1549,2004-01-23,2004-04-22,327.8,"Jane",255,"stren"
"370",117.464646961206,0.70989010989011,2018,2004-04-22,2004-07-21,405.333333333333,"Jane",372,"stren"
"371",288.554791884825,1.61538461538462,1271,2004-10-19,2005-01-17,283.25,"Jane",202,"stren"
"372",190.992201581347,0.775824175824176,345,2005-07-16,2005-10-14,121.866666666667,"Jane",45,"stren"
"373",301.689234566828,0.602197802197802,480,2005-10-14,2006-01-12,174.383333333333,"Jane",65,"stren"
"374",215.151421241374,0.298901098901099,540,2006-01-12,2006-04-12,251.783333333333,"Jane",47,"stren"
"375",171.824312852352,2.32747252747253,573,2006-07-11,2006-10-09,172.066666666667,"Jane",125,"stren"
"376",123.083386613225,1.28571428571429,1334,1997-05-29,1997-08-27,278,"Julia",208,"stren"
"377",253.786315655469,1.76043956043956,1769,1997-08-27,1997-11-25,406,"Julia",513,"stren"
"378",280.90089787264,1.11428571428571,1521,1997-11-25,1998-02-23,259.5,"Julia",306,"stren"
"379",155.275202807579,2.61758241758242,880,1998-02-23,1998-05-24,147.5,"Julia",165,"stren"
"380",128.256327465637,1.29450549450549,777,1998-05-24,1998-08-22,174.683333333333,"Julia",148,"stren"
"381",240.136666684914,1.15604395604396,1142,1998-08-22,1998-11-20,394.983333333333,"Julia",262,"stren"
"382",153.877877952195,1.03516483516484,351,1999-02-18,1999-05-19,184.316666666667,"Julia",60,"stren"
"383",229.431272104618,1.17362637362637,275,1999-08-17,1999-11-15,101.166666666667,"Julia",53,"stren"
"384",115.423959062294,0.879120879120879,277,2000-05-13,2000-08-11,57.7833333333333,"Julia",35,"stren"
"401",123.083386613225,1.28571428571429,1334,1997-05-29,1997-08-27,278,"Kersty",149,"stren"
"402",253.786315655469,1.76043956043956,1769,1997-08-27,1997-11-25,406,"Kersty",264,"stren"
"403",280.90089787264,1.11428571428571,1521,1997-11-25,1998-02-23,259.5,"Kersty",183,"stren"
"426",123.083386613225,1.28571428571429,1334,1997-05-29,1997-08-27,278,"Amy",127,"stren"
"427",253.786315655469,1.76043956043956,1769,1997-08-27,1997-11-25,406,"Amy",170,"stren"
"428",280.90089787264,1.11428571428571,1521,1997-11-25,1998-02-23,259.5,"Amy",348,"stren"
"429",155.275202807579,2.61758241758242,880,1998-02-23,1998-05-24,147.5,"Amy",134,"stren"
"451",123.083386613225,1.28571428571429,1334,1997-05-29,1997-08-27,278,"Natalie",150,"stren"
"452",253.786315655469,1.76043956043956,1769,1997-08-27,1997-11-25,406,"Natalie",243,"stren"
"453",280.90089787264,1.11428571428571,1521,1997-11-25,1998-02-23,259.5,"Natalie",257,"stren"
"454",155.275202807579,2.61758241758242,880,1998-02-23,1998-05-24,147.5,"Natalie",106,"stren"
"455",128.256327465637,1.29450549450549,777,1998-05-24,1998-08-22,174.683333333333,"Natalie",70,"stren"
"456",240.136666684914,1.15604395604396,1142,1998-08-22,1998-11-20,394.983333333333,"Natalie",108,"stren"
"457",153.877877952195,1.03516483516484,351,1999-02-18,1999-05-19,184.316666666667,"Natalie",65,"stren"
"458",229.431272104618,1.17362637362637,275,1999-08-17,1999-11-15,101.166666666667,"Natalie",70,"stren"
"459",115.423959062294,0.879120879120879,277,2000-05-13,2000-08-11,57.7833333333333,"Natalie",58,"stren"
"476",123.083386613225,1.28571428571429,1334,1997-05-29,1997-08-27,278,"Sian",432,"stren"
"477",253.786315655469,1.76043956043956,1769,1997-08-27,1997-11-25,406,"Sian",391,"stren"
"478",280.90089787264,1.11428571428571,1521,1997-11-25,1998-02-23,259.5,"Sian",199,"stren"
"518",285.345857569609,0.703296703296703,684,2003-10-25,2004-01-23,170.95,"Catherine",97,"stren"
"519",196.49287659664,1.65934065934066,1549,2004-01-23,2004-04-22,327.8,"Catherine",255,"stren"
"520",117.464646961206,0.70989010989011,2018,2004-04-22,2004-07-21,405.333333333333,"Catherine",408,"stren"
"521",288.554791884825,1.61538461538462,1271,2004-10-19,2005-01-17,283.25,"Catherine",225,"stren"
"522",190.992201581347,0.775824175824176,345,2005-07-16,2005-10-14,121.866666666667,"Catherine",47,"stren"
"523",301.689234566828,0.602197802197802,480,2005-10-14,2006-01-12,174.383333333333,"Catherine",47,"stren"
"524",215.151421241374,0.298901098901099,540,2006-01-12,2006-04-12,251.783333333333,"Catherine",61,"stren"
"525",171.824312852352,2.32747252747253,573,2006-07-11,2006-10-09,172.066666666667,"Catherine",93,"stren"
"543",285.345857569609,0.703296703296703,684,2003-10-25,2004-01-23,170.95,"Rushenka",94,"stren"
"544",196.49287659664,1.65934065934066,1549,2004-01-23,2004-04-22,327.8,"Rushenka",338,"stren"
"545",117.464646961206,0.70989010989011,2018,2004-04-22,2004-07-21,405.333333333333,"Rushenka",408,"stren"
"546",288.554791884825,1.61538461538462,1271,2004-10-19,2005-01-17,283.25,"Rushenka",188,"stren"
"547",190.992201581347,0.775824175824176,345,2005-07-16,2005-10-14,121.866666666667,"Rushenka",107,"stren"
"548",301.689234566828,0.602197802197802,480,2005-10-14,2006-01-12,174.383333333333,"Rushenka",123,"stren"
"549",215.151421241374,0.298901098901099,540,2006-01-12,2006-04-12,251.783333333333,"Rushenka",129,"stren"
"550",171.824312852352,2.32747252747253,573,2006-07-11,2006-10-09,172.066666666667,"Rushenka",116,"stren"
"572",190.992201581347,0.775824175824176,345,2005-07-16,2005-10-14,121.866666666667,"Ulrike",61,"stren"
"573",301.689234566828,0.602197802197802,480,2005-10-14,2006-01-12,174.383333333333,"Ulrike",122,"stren"
"574",215.151421241374,0.298901098901099,540,2006-01-12,2006-04-12,251.783333333333,"Ulrike",80,"stren"
"575",171.824312852352,2.32747252747253,573,2006-07-11,2006-10-09,172.066666666667,"Ulrike",127,"stren"
"580",128.256327465637,1.29450549450549,777,1998-05-24,1998-08-22,174.683333333333,"Liz",18,"stren"
"647",190.992201581347,0.775824175824176,345,2005-07-16,2005-10-14,121.866666666667,"Vicky",65,"stren"
"648",301.689234566828,0.602197802197802,480,2005-10-14,2006-01-12,174.383333333333,"Vicky",128,"stren"
"649",215.151421241374,0.298901098901099,540,2006-01-12,2006-04-12,251.783333333333,"Vicky",132,"stren"
"650",171.824312852352,2.32747252747253,573,2006-07-11,2006-10-09,172.066666666667,"Vicky",104,"stren"
